{
  "trained_at": "2026-03-20T01:30:25.040564+00:00",
  "rows": 12,
  "targets": [
    "quantite",
    "montant_net",
    "rendement"
  ],
  "features": [
    "active_area_ha",
    "fertilizer_kg_ha",
    "frequency=month",
    "maintenance_index",
    "month",
    "nonconformity_pct",
    "quarter",
    "rainfall_mm",
    "sector_code=GLOBAL",
    "semester",
    "temperature_c",
    "week",
    "workforce_count",
    "year"
  ],
  "metrics": {
    "mae": {
      "quantite": 2388.139583333333,
      "montant_net": 109969.48833333333,
      "rendement": 23.973866666666698
    },
    "rmse": {
      "quantite": 3283.337184571451,
      "montant_net": 123962.70959689555,
      "rendement": 32.83917384539263
    },
    "r2": 0.853640272732468
  },
  "sigma": {
    "quantite": 3194.3662906464833,
    "montant_net": 121436.73002902482,
    "rendement": 31.988134289965227
  }
}